{
  "training_date": "2025-07-19T16:41:35.398842",
  "train_accuracy": 0.8676716917922948,
  "test_accuracy": 0.6266666666666667,
  "train_samples": 597,
  "test_samples": 150,
  "feature_importance": {
    "rsi": 0.07083400919805961,
    "macd": 0.06948301974840668,
    "macd_signal": 0.09843823641729675,
    "macd_histogram": 0.06940883979183372,
    "sma_20_ratio": 0.05525232369453675,
    "sma_50_ratio": 0.07276287476516963,
    "sma_200_ratio": 0.06083391533877184,
    "volume_ratio": 0.05490856509548064,
    "price_change_1d": 0.03439124231738524,
    "price_change_5d": 0.05767013854151753,
    "bb_position": 0.05549881764566983,
    "atr_ratio": 0.09484327960911625,
    "obv_trend": 0.0864083444862191,
    "stoch_k": 0.060441510867170534,
    "stoch_d": 0.058824882483366064
  },
  "classification_report": {
    "0": {
      "precision": 0.7281553398058253,
      "recall": 0.7281553398058253,
      "f1-score": 0.7281553398058253,
      "support": 103.0
    },
    "1": {
      "precision": 0.40425531914893614,
      "recall": 0.40425531914893614,
      "f1-score": 0.40425531914893614,
      "support": 47.0
    },
    "accuracy": 0.6266666666666667,
    "macro avg": {
      "precision": 0.5662053294773807,
      "recall": 0.5662053294773807,
      "f1-score": 0.5662053294773807,
      "support": 150.0
    },
    "weighted avg": {
      "precision": 0.6266666666666667,
      "recall": 0.6266666666666667,
      "f1-score": 0.6266666666666667,
      "support": 150.0
    }
  }
}